{
  "n_prompts": 50,
  "max_new_tokens": 100,
  "batch_size": 8,
  "results": {
    "serial": {
      "time": 183.97544956207275,
      "gen_tokens": 5000,
      "qps": 0.2717753924179441,
      "tps": 27.177539241794406
    },
    "batch": {
      "time": 27.2746000289917,
      "gen_tokens": 5000,
      "qps": 1.8332074511396024,
      "tps": 183.32074511396024
    },
    "vllm": {
      "time": 2.104074716567993,
      "gen_tokens": 4565,
      "qps": 23.76341467643136,
      "tps": 2169.599759958183
    }
  }
}