{
  "n_prompts": 50,
  "max_new_tokens": 100,
  "batch_size": 8,
  "results": {
    "serial": {
      "time": 77.40457057952881,
      "gen_tokens": 5000,
      "qps": 0.6459566873848597,
      "tps": 64.59566873848597
    },
    "batch": {
      "time": 11.94149398803711,
      "gen_tokens": 5000,
      "qps": 4.187080783199288,
      "tps": 418.70807831992875
    },
    "vllm": {
      "time": 0.9994006156921387,
      "gen_tokens": 4562,
      "qps": 50.029987189243734,
      "tps": 4564.736031146598
    }
  }
}