{
  "dataset": "lcqmc",
  "k1": 1.5,
  "b": 0.75,
  "accuracy": 0.7075664621676891,
  "f1_weighted": 0.7062689718372263,
  "threshold": 0.31
}