{
  "dataset": "afqmc",
  "k1": 1.5,
  "b": 0.75,
  "accuracy": 0.644114921223355,
  "f1_weighted": 0.6177549455964929,
  "threshold": 0.16
}