{
  "n_prompts": 50,
  "max_new_tokens": 100,
  "batch_size": 8,
  "results": {
    "serial": {
      "time": 108.94659948348999,
      "gen_tokens": 3642,
      "qps": 0.4589404372146293,
      "tps": 33.4292214467136
    },
    "batch": {
      "time": 19.186754941940308,
      "gen_tokens": 3603,
      "qps": 2.6059643827891423,
      "tps": 187.7857934237856
    },
    "vllm": {
      "time": 1.4217400550842285,
      "gen_tokens": 3417,
      "qps": 35.168172846503815,
      "tps": 2403.3929323300704
    }
  }
}
